dataset	method	k	N	type	n_bit_changes	n_runs	n_cylinder_runs
diverse	nj-attotree	13	1000	kmer	3220673816	3254225837	3224219636
diverse	nj-attotree	13	1000	uniqrow	3220647189	3254188262	3224192986
diverse	nj-attotree	13	1000	unitig	3220673812	3254225831	3224219632
diverse	nj-attotree	15	1000	kmer	5218146637	5681826096	5223270014
diverse	nj-attotree	15	1000	uniqrow	4584183706	4857983625	4588596274
diverse	nj-attotree	15	1000	unitig	5210025082	5670248721	5215139866
diverse	nj-attotree	17	1000	kmer	5842199529	7653866973	5847580494
diverse	nj-attotree	17	1000	uniqrow	1556505774	1701958086	1557496654
diverse	nj-attotree	17	1000	unitig	4577596003	5812060981	4581618354
diverse	nj-attotree	19	1000	kmer	6012049428	8594577293	6017463004
diverse	nj-attotree	19	1000	uniqrow	285358383	316763928	285466912
diverse	nj-attotree	19	1000	unitig	1725940325	2305220875	1727067522
diverse	nj-attotree	21	1000	kmer	6088326662	8894929453	6093748508
diverse	nj-attotree	21	1000	uniqrow	67452982	75216930	67477684
diverse	nj-attotree	21	1000	unitig	516107247	695524125	516358434
diverse	nj-attotree	23	1000	kmer	6142401934	9021156043	6147828764
diverse	nj-attotree	23	1000	uniqrow	41706742	46278724	41722672
diverse	nj-attotree	23	1000	unitig	246163677	324820320	246276736
diverse	nj-attotree	25	1000	kmer	6189289381	9110814000	6194720410
diverse	nj-attotree	25	1000	uniqrow	27080781	30102105	27090514
diverse	nj-attotree	25	1000	unitig	168842987	222442117	168914664
diverse	nj-attotree	27	1000	kmer	6231143837	9186715541	6236578572
diverse	nj-attotree	27	1000	uniqrow	18439886	20561231	18446538
diverse	nj-attotree	27	1000	unitig	136417099	181351991	136472178
diverse	nj-attotree	29	1000	kmer	6267885963	9251769235	6273323968
diverse	nj-attotree	29	1000	uniqrow	16624962	18540145	16630760
diverse	nj-attotree	29	1000	unitig	122329877	162105290	122375070
diverse	nj-attotree	31	1000	kmer	6301661201	9310728944	6307102172
diverse	nj-attotree	31	1000	uniqrow	12310428	13761634	12314794
diverse	nj-attotree	31	1000	unitig	103358856	137718981	103393902
diverse	nj-hamming	13	1000	kmer	3136281281	3169833302	3139833590
diverse	nj-hamming	13	1000	uniqrow	3136198259	3169739332	3140122690
diverse	nj-hamming	13	1000	unitig	3136281277	3169833296	3139833586
diverse	nj-hamming	15	1000	kmer	5150043704	5613723163	5153643390
diverse	nj-hamming	15	1000	uniqrow	4519036017	4792835936	4522095004
diverse	nj-hamming	15	1000	unitig	5141969549	5602193188	5145556932
diverse	nj-hamming	17	1000	kmer	5782056733	7593724177	5784721140
diverse	nj-hamming	17	1000	uniqrow	1526929985	1672382297	1527491978
diverse	nj-hamming	17	1000	unitig	4524959450	5759424428	4527743776
diverse	nj-hamming	19	1000	kmer	5955097271	8537625136	5959070212
diverse	nj-hamming	19	1000	uniqrow	277559168	308964713	277648636
diverse	nj-hamming	19	1000	unitig	1699406606	2278687156	1700394490
diverse	nj-hamming	21	1000	kmer	6029029893	8835632684	6038028818
diverse	nj-hamming	21	1000	uniqrow	64957173	72721121	64965900
diverse	nj-hamming	21	1000	unitig	504457614	683874492	504634136
diverse	nj-hamming	23	1000	kmer	6090135408	8968889517	6094452826
diverse	nj-hamming	23	1000	uniqrow	40000595	44572577	40004824
diverse	nj-hamming	23	1000	unitig	238284533	316941176	238383360
diverse	nj-hamming	25	1000	kmer	6136241144	9057765763	6143042160
diverse	nj-hamming	25	1000	uniqrow	25938373	28959697	25944236
diverse	nj-hamming	25	1000	unitig	162896432	216495562	162915824
diverse	nj-hamming	27	1000	kmer	6181204573	9136776277	6186775052
diverse	nj-hamming	27	1000	uniqrow	17661232	19782577	17662924
diverse	nj-hamming	27	1000	unitig	131590763	176525655	131606164
diverse	nj-hamming	29	1000	kmer	6213175625	9197058897	6225605392
diverse	nj-hamming	29	1000	uniqrow	15925585	17840768	15927776
diverse	nj-hamming	29	1000	unitig	117868225	157643638	117871312
diverse	nj-hamming	31	1000	kmer	6256867026	9265934769	6260348500
diverse	nj-hamming	31	1000	uniqrow	11798166	13249372	11798880
diverse	nj-hamming	31	1000	unitig	99602353	133962478	99611562
diverse	optimal	13	1000	kmer	3095812897	3129364918	3105379890
diverse	optimal	13	1000	uniqrow	3095786857	3129327930	3105353776
diverse	optimal	13	1000	unitig	3095813579	3129365598	3105380572
diverse	optimal	15	1000	kmer	5102154698	5565834157	5120212500
diverse	optimal	15	1000	uniqrow	4475061076	4748860995	4490717228
diverse	optimal	15	1000	unitig	5094129356	5554352995	5112161950
diverse	optimal	17	1000	kmer	5736227519	7547894963	5758357188
diverse	optimal	17	1000	uniqrow	1508082640	1653534952	1516780796
diverse	optimal	17	1000	unitig	4486772181	5721237159	4505570386
diverse	optimal	19	1000	kmer	5912068202	8494596067	5935471840
diverse	optimal	19	1000	uniqrow	272993032	304398577	275093914
diverse	optimal	19	1000	unitig	1682150148	2261430698	1692719654
diverse	optimal	21	1000	kmer	5992400369	8799003160	6016032968
diverse	optimal	21	1000	uniqrow	63556599	71320547	64070144
diverse	optimal	21	1000	unitig	497851807	677268685	501398634
diverse	optimal	23	1000	kmer	6049544350	8928298459	6073231034
diverse	optimal	23	1000	uniqrow	38994494	43566476	39306110
diverse	optimal	23	1000	unitig	234077354	312733997	236010436
diverse	optimal	25	1000	kmer	6099072282	9020596901	6122784278
diverse	optimal	25	1000	uniqrow	25250248	28271572	25484912
diverse	optimal	25	1000	unitig	159587679	213186809	161050506
diverse	optimal	27	1000	kmer	6143202309	9098774013	6166930832
diverse	optimal	27	1000	uniqrow	17155367	19276712	17304334
diverse	optimal	27	1000	unitig	128827200	173762092	130093700
diverse	optimal	29	1000	kmer	6181849792	9165733064	6205590026
diverse	optimal	29	1000	uniqrow	15447661	17362844	15591748
diverse	optimal	29	1000	unitig	115236702	155012115	116448962
diverse	optimal	31	1000	kmer	6217330083	9226397826	6241079370
diverse	optimal	31	1000	uniqrow	11411760	12862966	11532444
diverse	optimal	31	1000	unitig	97288007	131648132	98379310
diverse	randomized	13	1000	kmer	5140499668	5174051689	5148490350
diverse	randomized	13	1000	uniqrow	5140466112	5174007185	5148456732
diverse	randomized	13	1000	unitig	5140499664	5174051683	5148490346
diverse	randomized	15	1000	kmer	7572257417	8035936876	7584392878
diverse	randomized	15	1000	uniqrow	6746250722	7020050641	6756935572
diverse	randomized	15	1000	unitig	7561451850	8021675489	7573569598
diverse	randomized	17	1000	kmer	8131525162	9943192606	8144653034
diverse	randomized	17	1000	uniqrow	2356482126	2501934438	2360394974
diverse	randomized	17	1000	unitig	6439266192	7673731170	6449806698
diverse	randomized	19	1000	kmer	8227339551	10809867416	8240630540
diverse	randomized	19	1000	uniqrow	468642026	500047571	469380508
diverse	randomized	19	1000	unitig	2481187385	3060467935	2485439182
diverse	randomized	21	1000	kmer	8248056827	11054659618	8261377014
diverse	randomized	21	1000	uniqrow	127464522	135228470	127613080
diverse	randomized	21	1000	unitig	805424832	984841710	806622586
diverse	randomized	23	1000	kmer	8256817761	11135571870	8270147490
diverse	randomized	23	1000	uniqrow	85423360	89995342	85502770
diverse	randomized	23	1000	unitig	434166235	512822878	434592758
diverse	randomized	25	1000	kmer	8262957086	11184481705	8276292546
diverse	randomized	25	1000	uniqrow	56969246	59990570	57017978
diverse	randomized	25	1000	unitig	310515929	364115059	310749580
diverse	randomized	27	1000	kmer	8267870405	11223442109	8281210130
diverse	randomized	27	1000	uniqrow	39505979	41627324	39538048
diverse	randomized	27	1000	unitig	251306540	296241432	251475154
diverse	randomized	29	1000	kmer	8271915715	11255798987	8285258742
diverse	randomized	29	1000	uniqrow	36109122	38024305	36136150
diverse	randomized	29	1000	unitig	228610491	268385904	228749216
diverse	randomized	31	1000	kmer	8275400058	11284467801	8288745834
diverse	randomized	31	1000	uniqrow	27226323	28677529	27245042
diverse	randomized	31	1000	unitig	193190514	227550639	193297510
diverse	upgma-attotree	13	1000	kmer	3167253739	3200805760	3174524048
diverse	upgma-attotree	13	1000	uniqrow	3167227351	3200768424	3174497500
diverse	upgma-attotree	13	1000	unitig	3167253735	3200805754	3174524044
diverse	upgma-attotree	15	1000	kmer	5150609756	5614289215	5160992484
diverse	upgma-attotree	15	1000	uniqrow	4521214848	4795014767	4529497432
diverse	upgma-attotree	15	1000	unitig	5142554878	5602778517	5152908816
diverse	upgma-attotree	17	1000	kmer	5775576984	7587244428	5786330110
diverse	upgma-attotree	17	1000	uniqrow	1527866834	1673319146	1529065496
diverse	upgma-attotree	17	1000	unitig	4521352737	5755817715	4528661994
diverse	upgma-attotree	19	1000	kmer	5949177710	8531705575	5959975536
diverse	upgma-attotree	19	1000	uniqrow	277793493	309199038	277883682
diverse	upgma-attotree	19	1000	unitig	1699970822	2279251372	1701464260
diverse	upgma-attotree	21	1000	kmer	6028486914	8835089705	6039299332
diverse	upgma-attotree	21	1000	uniqrow	65031972	72795920	65050864
diverse	upgma-attotree	21	1000	unitig	504846741	684263619	505104446
diverse	upgma-attotree	23	1000	kmer	6084866856	8963620965	6095688874
diverse	upgma-attotree	23	1000	uniqrow	40048559	44620541	40060242
diverse	upgma-attotree	23	1000	unitig	238447436	317104079	238561110
diverse	upgma-attotree	25	1000	kmer	6133728692	9055253311	6144558408
diverse	upgma-attotree	25	1000	uniqrow	25985674	29006998	25992328
diverse	upgma-attotree	25	1000	unitig	162945671	216544801	163028514
diverse	upgma-attotree	27	1000	kmer	6177288736	9132860440	6188124774
diverse	upgma-attotree	27	1000	uniqrow	17688942	19810287	17693344
diverse	upgma-attotree	27	1000	unitig	131621293	176556185	131693192
diverse	upgma-attotree	29	1000	kmer	6215465536	9199348808	6226306840
diverse	upgma-attotree	29	1000	uniqrow	15948245	17863428	15951968
diverse	upgma-attotree	29	1000	unitig	117875740	157651153	117941056
diverse	upgma-attotree	31	1000	kmer	6250526235	9259593978	6261372102
diverse	upgma-attotree	31	1000	uniqrow	11812051	13263257	11814820
diverse	upgma-attotree	31	1000	unitig	99585839	133945964	99644524
diverse	upgma-hamming	13	1000	kmer	3253837605	3287389626	3262483172
diverse	upgma-hamming	13	1000	uniqrow	3253810997	3287352070	3262456484
diverse	upgma-hamming	13	1000	unitig	3253837601	3287389620	3262483168
diverse	upgma-hamming	15	1000	kmer	5404978129	5868657588	5418794654
diverse	upgma-hamming	15	1000	uniqrow	4740233141	5014033060	4752332752
diverse	upgma-hamming	15	1000	unitig	5393056945	5853280584	5406853032
diverse	upgma-hamming	17	1000	kmer	5948698676	7760366120	5963786770
diverse	upgma-hamming	17	1000	uniqrow	1613327740	1758780052	1619080334
diverse	upgma-hamming	17	1000	unitig	4666381187	5900846165	4679266666
diverse	upgma-hamming	19	1000	kmer	6107518708	8690046573	6123089516
diverse	upgma-hamming	19	1000	uniqrow	302519265	333924810	303681930
diverse	upgma-hamming	19	1000	unitig	1778148824	2357429374	1784587790
diverse	upgma-hamming	21	1000	kmer	6178942732	8985545523	6194600758
diverse	upgma-hamming	21	1000	uniqrow	72256534	80020482	72542582
diverse	upgma-hamming	21	1000	unitig	540678512	720095390	542629638
diverse	upgma-hamming	23	1000	kmer	6227742643	9106496752	6243422674
diverse	upgma-hamming	23	1000	uniqrow	44814764	49386746	44977528
diverse	upgma-hamming	23	1000	unitig	263440728	342097371	264514250
diverse	upgma-hamming	25	1000	kmer	6264819975	9186344594	6280510850
diverse	upgma-hamming	25	1000	uniqrow	29322163	32343487	29446926
diverse	upgma-hamming	25	1000	unitig	183343543	236942673	184168952
diverse	upgma-hamming	27	1000	kmer	6297126534	9252698238	6312824718
diverse	upgma-hamming	27	1000	uniqrow	19872243	21993588	19957682
diverse	upgma-hamming	27	1000	unitig	147362225	192297117	148054646
diverse	upgma-hamming	29	1000	kmer	6327894552	9311777824	6343598194
diverse	upgma-hamming	29	1000	uniqrow	17967828	19883011	18046474
diverse	upgma-hamming	29	1000	unitig	133597371	173372784	134250556
diverse	upgma-hamming	31	1000	kmer	6359465676	9368533419	6375173700
diverse	upgma-hamming	31	1000	uniqrow	13235822	14687028	13286544
diverse	upgma-hamming	31	1000	unitig	112246322	146606447	112821148
diverse	worst	13	1000	kmer	5691434083	5724986104	5692001814
diverse	worst	13	1000	uniqrow	5691397722	5724938795	5691965434
diverse	worst	13	1000	unitig	5691435097	5724987116	5692002828
diverse	worst	15	1000	kmer	7754957498	8218636957	7755548446
diverse	worst	15	1000	uniqrow	6926203298	7200003217	6926741588
diverse	worst	15	1000	unitig	7744115908	8204339547	7744706130
diverse	worst	17	1000	kmer	8184328086	9995995530	8184921944
diverse	worst	17	1000	uniqrow	2389745192	2535197504	2389908372
diverse	worst	17	1000	unitig	6486713014	7721177992	6487176268
diverse	worst	19	1000	kmer	8258312086	10840839951	8258906528
diverse	worst	19	1000	uniqrow	474636078	506041623	474649838
diverse	worst	19	1000	unitig	2494763732	3074044282	2494927250
diverse	worst	21	1000	uniqrow	129526161	137290109	129529424
diverse	worst	21	1000	unitig	810415528	989832406	810439252
diverse	worst	23	1000	kmer	8282126154	11160880263	8282721004
diverse	worst	23	1000	uniqrow	86970062	91542044	86971542
diverse	worst	23	1000	unitig	437436447	516093090	437444390
diverse	worst	25	1000	kmer	8287161858	11208686477	8287756848
diverse	worst	25	1000	uniqrow	58031475	61052799	58032226
diverse	worst	25	1000	unitig	312869138	366468268	312872778
diverse	worst	27	1000	kmer	8291195319	11246767023	8291790420
diverse	worst	27	1000	uniqrow	40271410	42392755	40271870
diverse	worst	27	1000	unitig	253125872	298060764	253128252
diverse	worst	29	1000	kmer	8294551306	11278434578	8295146494
diverse	worst	29	1000	uniqrow	36802455	38717638	36802794
diverse	worst	29	1000	unitig	230273941	270049354	230275572
diverse	worst	31	1000	kmer	8297417823	11306485566	8298013076
diverse	worst	31	1000	uniqrow	27764387	29215593	27764624
diverse	worst	31	1000	unitig	194554114	228914239	194555288
ngono-spneumo	nj-attotree	11	1000	kmer	19700878	21500227	19701506
ngono-spneumo	nj-attotree	11	1000	uniqrow	13805217	14389749	13805708
ngono-spneumo	nj-attotree	11	1000	unitig	19570386	21355921	19571008
ngono-spneumo	nj-attotree	13	1000	kmer	67777305	74666973	67779378
ngono-spneumo	nj-attotree	13	1000	uniqrow	18036802	18842124	18037498
ngono-spneumo	nj-attotree	13	1000	unitig	48223847	52907404	48225286
ngono-spneumo	nj-attotree	15	1000	kmer	85483150	94799544	85486048
ngono-spneumo	nj-attotree	15	1000	uniqrow	8483436	8868362	8483890
ngono-spneumo	nj-attotree	15	1000	unitig	19935318	21786594	19936122
ngono-spneumo	nj-attotree	17	1000	kmer	92037092	102081454	92040400
ngono-spneumo	nj-attotree	17	1000	uniqrow	7079175	7392168	7079604
ngono-spneumo	nj-attotree	17	1000	unitig	10435824	11234404	10436384
ngono-spneumo	nj-attotree	19	1000	kmer	97093460	107615665	97097114
ngono-spneumo	nj-attotree	19	1000	uniqrow	7088322	7398722	7088760
ngono-spneumo	nj-attotree	19	1000	unitig	9299729	9955247	9300264
ngono-spneumo	nj-attotree	21	1000	kmer	101850153	112814395	101854160
ngono-spneumo	nj-attotree	21	1000	uniqrow	7150814	7462670	7151274
ngono-spneumo	nj-attotree	21	1000	unitig	9130171	9756777	9130734
ngono-spneumo	nj-attotree	23	1000	kmer	106408149	117801995	106412500
ngono-spneumo	nj-attotree	23	1000	uniqrow	7414127	7735923	7414604
ngono-spneumo	nj-attotree	23	1000	unitig	9285625	9907822	9286200
ngono-spneumo	nj-attotree	25	1000	kmer	110843184	122661678	110847880
ngono-spneumo	nj-attotree	25	1000	uniqrow	7563416	7890704	7563912
ngono-spneumo	nj-attotree	25	1000	unitig	9339410	9954832	9340008
ngono-spneumo	nj-attotree	27	1000	kmer	115170485	127410321	115175530
ngono-spneumo	nj-attotree	27	1000	uniqrow	7616534	7945214	7617042
ngono-spneumo	nj-attotree	27	1000	unitig	9322488	9930080	9323104
ngono-spneumo	nj-attotree	29	1000	kmer	119378402	132035950	119383796
ngono-spneumo	nj-attotree	29	1000	uniqrow	7843568	8180898	7844090
ngono-spneumo	nj-attotree	29	1000	unitig	9502422	10112475	9503052
ngono-spneumo	nj-attotree	31	1000	kmer	123501239	136574130	123506980
ngono-spneumo	nj-attotree	31	1000	uniqrow	7952643	8293454	7953200
ngono-spneumo	nj-attotree	31	1000	unitig	9546324	10152095	9546990
ngono-spneumo	nj-hamming	11	1000	kmer	19160287	20959636	19162760
ngono-spneumo	nj-hamming	11	1000	uniqrow	13411364	13995896	13414066
ngono-spneumo	nj-hamming	11	1000	unitig	19033576	20819111	19036012
ngono-spneumo	nj-hamming	13	1000	kmer	66219225	73108893	66225120
ngono-spneumo	nj-hamming	13	1000	uniqrow	17430369	18235691	17433978
ngono-spneumo	nj-hamming	13	1000	unitig	46954238	51637795	46963556
ngono-spneumo	nj-hamming	15	1000	kmer	83415799	92732193	83427014
ngono-spneumo	nj-hamming	15	1000	uniqrow	8193015	8577941	8195528
ngono-spneumo	nj-hamming	15	1000	unitig	19374068	21225344	19378676
ngono-spneumo	nj-hamming	17	1000	kmer	89538853	99583215	89610060
ngono-spneumo	nj-hamming	17	1000	uniqrow	6802428	7115421	6803888
ngono-spneumo	nj-hamming	17	1000	unitig	10095300	10893880	10095860
ngono-spneumo	nj-hamming	19	1000	kmer	94173565	104695770	94184006
ngono-spneumo	nj-hamming	19	1000	uniqrow	6811146	7121546	6812858
ngono-spneumo	nj-hamming	19	1000	unitig	8976778	9632296	8978690
ngono-spneumo	nj-hamming	21	1000	kmer	98913349	109877591	98940140
ngono-spneumo	nj-hamming	21	1000	uniqrow	6864783	7176639	6866552
ngono-spneumo	nj-hamming	21	1000	unitig	8812734	9439340	8814488
ngono-spneumo	nj-hamming	23	1000	kmer	103157327	114551173	103176238
ngono-spneumo	nj-hamming	23	1000	uniqrow	7124210	7446006	7125740
ngono-spneumo	nj-hamming	23	1000	unitig	8982129	9604326	8983882
ngono-spneumo	nj-hamming	25	1000	kmer	107525616	119344110	107555522
ngono-spneumo	nj-hamming	25	1000	uniqrow	7274102	7601390	7275952
ngono-spneumo	nj-hamming	25	1000	unitig	9023989	9639411	9026240
ngono-spneumo	nj-hamming	27	1000	kmer	111405780	123645616	111419080
ngono-spneumo	nj-hamming	27	1000	uniqrow	7326451	7655131	7328310
ngono-spneumo	nj-hamming	27	1000	unitig	9003728	9611320	9005796
ngono-spneumo	nj-hamming	29	1000	kmer	115518975	128176523	115551856
ngono-spneumo	nj-hamming	29	1000	uniqrow	7524093	7861423	7525688
ngono-spneumo	nj-hamming	29	1000	unitig	9182174	9792227	9184498
ngono-spneumo	nj-hamming	31	1000	kmer	119471125	132544016	119488108
ngono-spneumo	nj-hamming	31	1000	uniqrow	7641858	7982669	7643482
ngono-spneumo	nj-hamming	31	1000	unitig	9201631	9807402	9203552
ngono-spneumo	optimal	11	1000	kmer	16503141	18302490	17464210
ngono-spneumo	optimal	11	1000	uniqrow	11924373	12508905	12207150
ngono-spneumo	optimal	11	1000	unitig	16393364	18178899	17348376
ngono-spneumo	optimal	13	1000	kmer	56850431	63740099	60219824
ngono-spneumo	optimal	13	1000	uniqrow	15691472	16496794	16034830
ngono-spneumo	optimal	13	1000	unitig	40484424	45167981	42857696
ngono-spneumo	optimal	15	1000	kmer	72088745	81405139	76140014
ngono-spneumo	optimal	15	1000	uniqrow	7404779	7789705	7576080
ngono-spneumo	optimal	15	1000	unitig	16965301	18816577	17806564
ngono-spneumo	optimal	17	1000	kmer	78020965	88065327	82161594
ngono-spneumo	optimal	17	1000	uniqrow	6172572	6485565	6327514
ngono-spneumo	optimal	17	1000	unitig	8992500	9791080	9345142
ngono-spneumo	optimal	19	1000	kmer	82667048	93189253	86827748
ngono-spneumo	optimal	19	1000	uniqrow	6182392	6492792	6336738
ngono-spneumo	optimal	19	1000	unitig	8048157	8703675	8332832
ngono-spneumo	optimal	21	1000	kmer	87031609	97995851	91201872
ngono-spneumo	optimal	21	1000	uniqrow	6241965	6553821	6396588
ngono-spneumo	optimal	21	1000	unitig	7920010	8546616	8186246
ngono-spneumo	optimal	23	1000	kmer	91209825	102603671	95386240
ngono-spneumo	optimal	23	1000	uniqrow	6477466	6799262	6635536
ngono-spneumo	optimal	23	1000	unitig	8069720	8691917	8329004
ngono-spneumo	optimal	25	1000	kmer	95272523	107091017	99453952
ngono-spneumo	optimal	25	1000	uniqrow	6613334	6940622	6771544
ngono-spneumo	optimal	25	1000	unitig	8130579	8746001	8382014
ngono-spneumo	optimal	27	1000	kmer	99241270	111481106	103427172
ngono-spneumo	optimal	27	1000	uniqrow	6664083	6992763	6822192
ngono-spneumo	optimal	27	1000	unitig	8126088	8733680	8370692
ngono-spneumo	optimal	29	1000	kmer	103095559	115753107	107285536
ngono-spneumo	optimal	29	1000	uniqrow	6868930	7206260	7029480
ngono-spneumo	optimal	29	1000	unitig	8295984	8906037	8537602
ngono-spneumo	optimal	31	1000	kmer	106877939	119950830	111071626
ngono-spneumo	optimal	31	1000	uniqrow	6969673	7310484	7131000
ngono-spneumo	optimal	31	1000	unitig	8344931	8950702	8590250
ngono-spneumo	randomized	11	1000	kmer	547848027	549647376	548007680
ngono-spneumo	randomized	11	1000	uniqrow	181031291	181615823	181154252
ngono-spneumo	randomized	11	1000	unitig	544356652	546142187	544515332
ngono-spneumo	randomized	13	1000	kmer	1902684939	1909574607	1903260372
ngono-spneumo	randomized	13	1000	uniqrow	225697293	226502615	225861780
ngono-spneumo	randomized	13	1000	unitig	1345799335	1350482892	1346215590
ngono-spneumo	randomized	15	1000	kmer	2297570065	2306886459	2298294652
ngono-spneumo	randomized	15	1000	uniqrow	113629184	114014110	113704276
ngono-spneumo	randomized	15	1000	unitig	491954441	493805717	492127086
ngono-spneumo	randomized	17	1000	kmer	2360837477	2370881839	2361616806
ngono-spneumo	randomized	17	1000	uniqrow	97467714	97780707	97529206
ngono-spneumo	randomized	17	1000	unitig	213283159	214081739	213370602
ngono-spneumo	randomized	19	1000	kmer	2384568618	2395090823	2385390392
ngono-spneumo	randomized	19	1000	uniqrow	97202553	97512953	97263774
ngono-spneumo	randomized	19	1000	unitig	174639111	175294629	174716460
ngono-spneumo	randomized	21	1000	kmer	2402029689	2412993931	2402891176
ngono-spneumo	randomized	21	1000	uniqrow	97575015	97886871	97636552
ngono-spneumo	randomized	21	1000	unitig	164545098	165171704	164620926
ngono-spneumo	randomized	23	1000	kmer	2417162693	2428556539	2418062028
ngono-spneumo	randomized	23	1000	uniqrow	100015408	100337204	100079124
ngono-spneumo	randomized	23	1000	unitig	161471178	162093375	161548310
ngono-spneumo	randomized	25	1000	kmer	2431343713	2443162207	2432279660
ngono-spneumo	randomized	25	1000	uniqrow	101057978	101385266	101122620
ngono-spneumo	randomized	25	1000	unitig	157583654	158199076	157660918
ngono-spneumo	randomized	27	1000	kmer	2444938753	2457178589	2445910242
ngono-spneumo	randomized	27	1000	uniqrow	101204169	101532849	101269026
ngono-spneumo	randomized	27	1000	unitig	153958775	154566367	154035754
ngono-spneumo	randomized	29	1000	kmer	2458010799	2470668347	2459016598
ngono-spneumo	randomized	29	1000	uniqrow	103023883	103361213	103090610
ngono-spneumo	randomized	29	1000	unitig	152925117	153535170	153003460
ngono-spneumo	randomized	31	1000	kmer	2470663979	2483736870	2471703168
ngono-spneumo	randomized	31	1000	uniqrow	103655340	103996151	103722798
ngono-spneumo	randomized	31	1000	unitig	150204337	150810108	150282842
ngono-spneumo	upgma-attotree	11	1000	kmer	18634610	20433959	19592542
ngono-spneumo	upgma-attotree	11	1000	uniqrow	13368701	13953233	13647078
ngono-spneumo	upgma-attotree	11	1000	unitig	18510809	20296344	19462802
ngono-spneumo	upgma-attotree	13	1000	kmer	63618589	70508257	66887308
ngono-spneumo	upgma-attotree	13	1000	uniqrow	17374684	18180006	17712926
ngono-spneumo	upgma-attotree	13	1000	unitig	45222237	49905794	47537942
ngono-spneumo	upgma-attotree	15	1000	kmer	80289260	89605654	84208236
ngono-spneumo	upgma-attotree	15	1000	uniqrow	8111681	8496607	8286464
ngono-spneumo	upgma-attotree	15	1000	unitig	18704412	20555688	19540964
ngono-spneumo	upgma-attotree	17	1000	kmer	86572153	96616515	90577798
ngono-spneumo	upgma-attotree	17	1000	uniqrow	6750625	7063618	6902224
ngono-spneumo	upgma-attotree	17	1000	unitig	9837487	10636067	10193562
ngono-spneumo	upgma-attotree	19	1000	kmer	91453342	101975547	95479096
ngono-spneumo	upgma-attotree	19	1000	uniqrow	6758505	7068905	6909756
ngono-spneumo	upgma-attotree	19	1000	unitig	8789319	9444837	9077872
ngono-spneumo	upgma-attotree	21	1000	kmer	96054208	107018450	100089734
ngono-spneumo	upgma-attotree	21	1000	uniqrow	6816687	7128543	6968452
ngono-spneumo	upgma-attotree	21	1000	unitig	8639145	9265751	8909364
ngono-spneumo	upgma-attotree	23	1000	kmer	100465021	111858867	104506850
ngono-spneumo	upgma-attotree	23	1000	uniqrow	7071229	7393025	7226304
ngono-spneumo	upgma-attotree	23	1000	unitig	8797954	9420151	9061486
ngono-spneumo	upgma-attotree	25	1000	kmer	104757831	116576325	108804812
ngono-spneumo	upgma-attotree	25	1000	uniqrow	7214287	7541575	7370790
ngono-spneumo	upgma-attotree	25	1000	unitig	8856943	9472365	9112942
ngono-spneumo	upgma-attotree	27	1000	kmer	108946918	121186754	112998556
ngono-spneumo	upgma-attotree	27	1000	uniqrow	7264131	7592811	7420872
ngono-spneumo	upgma-attotree	27	1000	unitig	8844718	9452310	9094152
ngono-spneumo	upgma-attotree	29	1000	kmer	113022179	125679727	117078148
ngono-spneumo	upgma-attotree	29	1000	uniqrow	7483511	7820841	7642736
ngono-spneumo	upgma-attotree	29	1000	unitig	9024607	9634660	9271346
ngono-spneumo	upgma-attotree	31	1000	kmer	117015218	130088109	121075202
ngono-spneumo	upgma-attotree	31	1000	uniqrow	7587006	7927817	7747066
ngono-spneumo	upgma-attotree	31	1000	unitig	9070277	9676048	9311822
ngono-spneumo	upgma-hamming	11	1000	kmer	18620058	20419407	19575674
ngono-spneumo	upgma-hamming	11	1000	uniqrow	13344111	13928643	13622488
ngono-spneumo	upgma-hamming	11	1000	unitig	18497576	20283111	19447036
ngono-spneumo	upgma-hamming	13	1000	kmer	64006113	70895781	67274832
ngono-spneumo	upgma-hamming	13	1000	uniqrow	17422092	18227414	17762122
ngono-spneumo	upgma-hamming	13	1000	unitig	45607107	50290664	47941838
ngono-spneumo	upgma-hamming	15	1000	kmer	81044597	90360991	85009556
ngono-spneumo	upgma-hamming	15	1000	uniqrow	8080950	8465876	8255216
ngono-spneumo	upgma-hamming	15	1000	unitig	18765371	20616647	19606172
ngono-spneumo	upgma-hamming	17	1000	kmer	87066659	97111021	91072304
ngono-spneumo	upgma-hamming	17	1000	uniqrow	6708865	7021858	6859504
ngono-spneumo	upgma-hamming	17	1000	unitig	9807734	10606314	10165026
ngono-spneumo	upgma-hamming	19	1000	kmer	92253670	102775875	96279424
ngono-spneumo	upgma-hamming	19	1000	uniqrow	6695141	7005541	6846230
ngono-spneumo	upgma-hamming	19	1000	unitig	8745527	9401045	9033448
ngono-spneumo	upgma-hamming	21	1000	kmer	96913791	107878033	100994820
ngono-spneumo	upgma-hamming	21	1000	uniqrow	6761020	7072876	6912594
ngono-spneumo	upgma-hamming	21	1000	unitig	8586773	9213379	8856348
ngono-spneumo	upgma-hamming	23	1000	kmer	100932090	112325936	105027220
ngono-spneumo	upgma-hamming	23	1000	uniqrow	7016923	7338719	7171742
ngono-spneumo	upgma-hamming	23	1000	unitig	8753089	9375286	9015944
ngono-spneumo	upgma-hamming	25	1000	kmer	104603327	116421821	108703480
ngono-spneumo	upgma-hamming	25	1000	uniqrow	7161288	7488576	7317450
ngono-spneumo	upgma-hamming	25	1000	unitig	8788709	9404131	9043988
ngono-spneumo	upgma-hamming	27	1000	kmer	108989169	121229005	113093832
ngono-spneumo	upgma-hamming	27	1000	uniqrow	7216674	7545354	7373012
ngono-spneumo	upgma-hamming	27	1000	unitig	8784296	9391888	9034078
ngono-spneumo	upgma-hamming	29	1000	kmer	113129501	125787049	117238336
ngono-spneumo	upgma-hamming	29	1000	uniqrow	7418229	7755559	7576992
ngono-spneumo	upgma-hamming	29	1000	unitig	8975293	9585346	9222294
ngono-spneumo	upgma-hamming	31	1000	kmer	116936652	130009543	121049346
ngono-spneumo	upgma-hamming	31	1000	uniqrow	7522944	7863755	7681716
ngono-spneumo	upgma-hamming	31	1000	unitig	9000557	9606328	9241152
ngono-spneumo	worst	11	1000	kmer	954384498	956183847	955332884
ngono-spneumo	worst	11	1000	uniqrow	278779594	279364126	279054556
ngono-spneumo	worst	11	1000	unitig	948309714	950095249	949252002
ngono-spneumo	worst	13	1000	kmer	3312978309	3319867977	3316196552
ngono-spneumo	worst	13	1000	uniqrow	342833964	343639286	343160810
ngono-spneumo	worst	13	1000	unitig	2341863435	2346546992	2344142772
ngono-spneumo	worst	15	1000	kmer	3981136681	3990453075	3984987252
ngono-spneumo	worst	15	1000	uniqrow	176745370	177130296	176906014
ngono-spneumo	worst	15	1000	unitig	845878097	847729373	846698710
ngono-spneumo	worst	17	1000	kmer	4069545909	4079590271	4073480870
ngono-spneumo	worst	17	1000	uniqrow	153155779	153468772	153289504
ngono-spneumo	worst	17	1000	unitig	359662661	360461241	360004166
ngono-spneumo	worst	19	1000	kmer	4089776471	4100298676	4093731346
ngono-spneumo	worst	19	1000	uniqrow	152783267	153093667	152915002
ngono-spneumo	worst	19	1000	unitig	291444211	292099729	291715810
ngono-spneumo	worst	21	1000	kmer	4099550846	4110515088	4103515514
ngono-spneumo	worst	21	1000	uniqrow	153261423	153573279	153392604
ngono-spneumo	worst	21	1000	unitig	272987885	273614491	273240134
ngono-spneumo	worst	23	1000	kmer	4105901089	4117294935	4109872004
ngono-spneumo	worst	23	1000	uniqrow	156818633	157140429	156952218
ngono-spneumo	worst	23	1000	unitig	266516157	267138354	266760864
ngono-spneumo	worst	25	1000	kmer	4111083791	4122902285	4115059834
ngono-spneumo	worst	25	1000	uniqrow	158177134	158504422	158311154
ngono-spneumo	worst	25	1000	unitig	258896967	259512389	259133276
ngono-spneumo	worst	27	1000	kmer	4115714429	4127954265	4119695066
ngono-spneumo	worst	27	1000	uniqrow	158233725	158562405	158367100
ngono-spneumo	worst	27	1000	unitig	252056272	252663864	252285154
ngono-spneumo	worst	29	1000	kmer	4119974740	4132632288	4123959602
ngono-spneumo	worst	29	1000	uniqrow	160760160	161097490	160895086
ngono-spneumo	worst	29	1000	unitig	249368396	249978449	249593698
ngono-spneumo	worst	31	1000	kmer	4123891009	4136963900	4127879736
ngono-spneumo	worst	31	1000	uniqrow	161487875	161828686	161622820
ngono-spneumo	worst	31	1000	unitig	243980397	244586168	244199746
ngono	nj-attotree	11	1000	kmer	5906494	7007910	5910078
ngono	nj-attotree	11	1000	uniqrow	2179986	2258717	2180882
ngono	nj-attotree	11	1000	unitig	5173105	6187890	5176254
ngono	nj-attotree	13	1000	kmer	18672712	21205516	18682062
ngono	nj-attotree	13	1000	uniqrow	3055770	3151568	3056784
ngono	nj-attotree	13	1000	unitig	8652966	9868749	8656682
ngono	nj-attotree	15	1000	kmer	24752378	27821075	24763554
ngono	nj-attotree	15	1000	uniqrow	2852510	2935380	2853484
ngono	nj-attotree	15	1000	unitig	4750344	5186040	4751980
ngono	nj-attotree	17	1000	kmer	27489132	30746130	27500872
ngono	nj-attotree	17	1000	uniqrow	2900699	2983273	2901696
ngono	nj-attotree	17	1000	unitig	3634526	3854545	3635792
ngono	nj-attotree	19	1000	kmer	29669666	33062159	29681824
ngono	nj-attotree	19	1000	uniqrow	2992709	3077589	2993770
ngono	nj-attotree	19	1000	unitig	3558929	3748032	3560210
ngono	nj-attotree	21	1000	kmer	31735402	35252819	31747968
ngono	nj-attotree	21	1000	uniqrow	3062895	3149780	3063978
ngono	nj-attotree	21	1000	unitig	3592876	3774172	3594182
ngono	nj-attotree	23	1000	kmer	33724693	37362829	33737638
ngono	nj-attotree	23	1000	uniqrow	3156660	3246179	3157768
ngono	nj-attotree	23	1000	unitig	3673082	3852282	3674422
ngono	nj-attotree	25	1000	kmer	35672422	39430173	35685740
ngono	nj-attotree	25	1000	uniqrow	3247079	3338998	3248208
ngono	nj-attotree	25	1000	unitig	3760048	3938666	3761414
ngono	nj-attotree	27	1000	kmer	37587770	41465064	37601456
ngono	nj-attotree	27	1000	uniqrow	3315816	3409689	3316974
ngono	nj-attotree	27	1000	unitig	3828632	4007363	3830034
ngono	nj-attotree	29	1000	kmer	39474630	43471537	39488686
ngono	nj-attotree	29	1000	uniqrow	3397651	3493951	3398836
ngono	nj-attotree	29	1000	unitig	3911303	4090949	3912730
ngono	nj-attotree	31	1000	kmer	41342493	45459556	41356926
ngono	nj-attotree	31	1000	uniqrow	3485558	3584347	3486790
ngono	nj-attotree	31	1000	unitig	3996346	4176888	3997822
ngono	nj-hamming	11	1000	kmer	5847406	6948822	5851346
ngono	nj-hamming	11	1000	uniqrow	2173136	2251867	2174648
ngono	nj-hamming	11	1000	unitig	5142425	6157210	5143538
ngono	nj-hamming	13	1000	kmer	18735508	21268312	18748058
ngono	nj-hamming	13	1000	uniqrow	3016922	3112720	3021024
ngono	nj-hamming	13	1000	unitig	8632749	9848532	8635758
ngono	nj-hamming	15	1000	kmer	24877084	27945781	24887804
ngono	nj-hamming	15	1000	uniqrow	2776193	2859063	2779668
ngono	nj-hamming	15	1000	unitig	4741671	5177367	4745074
ngono	nj-hamming	17	1000	kmer	27559613	30816611	27571296
ngono	nj-hamming	17	1000	uniqrow	2813982	2896556	2815970
ngono	nj-hamming	17	1000	unitig	3594927	3814946	3597492
ngono	nj-hamming	19	1000	kmer	29778598	33171091	29787760
ngono	nj-hamming	19	1000	uniqrow	2902075	2986955	2904528
ngono	nj-hamming	19	1000	unitig	3503278	3692381	3505290
ngono	nj-hamming	21	1000	kmer	31598479	35115896	31632738
ngono	nj-hamming	21	1000	uniqrow	2974857	3061742	2977384
ngono	nj-hamming	21	1000	unitig	3534262	3715558	3536892
ngono	nj-hamming	23	1000	kmer	33751988	37390124	33788396
ngono	nj-hamming	23	1000	uniqrow	3054357	3143876	3058232
ngono	nj-hamming	23	1000	unitig	3614499	3793699	3616350
ngono	nj-hamming	25	1000	kmer	35687252	39445003	35725732
ngono	nj-hamming	25	1000	uniqrow	3149337	3241256	3152696
ngono	nj-hamming	25	1000	unitig	3698214	3876832	3700352
ngono	nj-hamming	27	1000	kmer	37499319	41376613	37527738
ngono	nj-hamming	27	1000	uniqrow	3219367	3313240	3221112
ngono	nj-hamming	27	1000	unitig	3749630	3928361	3751128
ngono	nj-hamming	29	1000	kmer	39585297	43582204	39615244
ngono	nj-hamming	29	1000	uniqrow	3298048	3394348	3299804
ngono	nj-hamming	29	1000	unitig	3822199	4001845	3825878
ngono	nj-hamming	31	1000	kmer	41355705	45472768	41388862
ngono	nj-hamming	31	1000	uniqrow	3385119	3483908	3386910
ngono	nj-hamming	31	1000	unitig	3905442	4085984	3909280
ngono	optimal	11	1000	kmer	5158654	6260070	5220368
ngono	optimal	11	1000	uniqrow	1942739	2021470	1963906
ngono	optimal	11	1000	unitig	4528134	5542919	4581838
ngono	optimal	13	1000	kmer	16516014	19048818	16762400
ngono	optimal	13	1000	uniqrow	2715387	2811185	2740112
ngono	optimal	13	1000	unitig	7710378	8926161	7817720
ngono	optimal	15	1000	kmer	22007620	25076317	22338874
ngono	optimal	15	1000	uniqrow	2522426	2605296	2543184
ngono	optimal	15	1000	unitig	4244591	4680287	4289674
ngono	optimal	17	1000	kmer	24505182	27762180	24865548
ngono	optimal	17	1000	uniqrow	2563325	2645899	2583802
ngono	optimal	17	1000	unitig	3241675	3461694	3270512
ngono	optimal	19	1000	kmer	26497955	29890448	26880300
ngono	optimal	19	1000	uniqrow	2646862	2731742	2667784
ngono	optimal	19	1000	unitig	3174911	3364014	3201868
ngono	optimal	21	1000	kmer	28382214	31899631	28785164
ngono	optimal	21	1000	uniqrow	2711612	2798497	2732960
ngono	optimal	21	1000	unitig	3207535	3388831	3234388
ngono	optimal	23	1000	kmer	30194829	33832965	30617494
ngono	optimal	23	1000	uniqrow	2796487	2886006	2818432
ngono	optimal	23	1000	unitig	3280689	3459889	3307904
ngono	optimal	25	1000	kmer	31967684	35725435	32409588
ngono	optimal	25	1000	uniqrow	2878650	2970569	2901142
ngono	optimal	25	1000	unitig	3359451	3538069	3387086
ngono	optimal	27	1000	kmer	33708629	37585923	34169430
ngono	optimal	27	1000	uniqrow	2941344	3035217	2964244
ngono	optimal	27	1000	unitig	3422358	3601089	3450330
ngono	optimal	29	1000	kmer	35421267	39418174	35900648
ngono	optimal	29	1000	uniqrow	3015610	3111910	3039006
ngono	optimal	29	1000	unitig	3497344	3676990	3525772
ngono	optimal	31	1000	kmer	37117035	41234098	37614748
ngono	optimal	31	1000	uniqrow	3095976	3194765	3119838
ngono	optimal	31	1000	unitig	3574492	3755034	3603356
ngono	randomized	11	1000	kmer	43887489	44988905	43962846
ngono	randomized	11	1000	uniqrow	13512056	13590787	13531390
ngono	randomized	11	1000	unitig	38052129	39066914	38116956
ngono	randomized	13	1000	kmer	133580545	136113349	133797708
ngono	randomized	13	1000	uniqrow	16807137	16902935	16829132
ngono	randomized	13	1000	unitig	57477094	58692877	57565350
ngono	randomized	15	1000	kmer	174114834	177183531	174389218
ngono	randomized	15	1000	uniqrow	14651161	14734031	14669692
ngono	randomized	15	1000	unitig	27289283	27724979	27327144
ngono	randomized	17	1000	kmer	191769617	195026615	192066316
ngono	randomized	17	1000	uniqrow	14681183	14763757	14699576
ngono	randomized	17	1000	unitig	19049185	19269204	19074464
ngono	randomized	19	1000	kmer	205660218	209052711	205973932
ngono	randomized	19	1000	uniqrow	15091504	15176384	15110356
ngono	randomized	19	1000	unitig	18226303	18415406	18250164
ngono	randomized	21	1000	kmer	218767771	222285188	219097494
ngono	randomized	21	1000	uniqrow	15438380	15525265	15457708
ngono	randomized	21	1000	unitig	18293178	18474474	18317068
ngono	randomized	23	1000	kmer	231332368	234970504	231677490
ngono	randomized	23	1000	uniqrow	15921614	16011133	15941512
ngono	randomized	23	1000	unitig	18651518	18830718	18675746
ngono	randomized	25	1000	kmer	243587909	247345660	243948058
ngono	randomized	25	1000	uniqrow	16357143	16449062	16377494
ngono	randomized	25	1000	unitig	19019271	19197889	19043852
ngono	randomized	27	1000	kmer	255617984	259495278	255992918
ngono	randomized	27	1000	uniqrow	16688875	16782748	16709628
ngono	randomized	27	1000	unitig	19302107	19480838	19326952
ngono	randomized	29	1000	kmer	267411130	271408037	267800488
ngono	randomized	29	1000	uniqrow	17081527	17177827	17102768
ngono	randomized	29	1000	unitig	19671790	19851436	19697046
ngono	randomized	31	1000	kmer	279057845	283174908	279461418
ngono	randomized	31	1000	uniqrow	17495277	17594066	17516998
ngono	randomized	31	1000	unitig	20043254	20223796	20068854
ngono	upgma-attotree	11	1000	kmer	6352490	7453906	6410436
ngono	upgma-attotree	11	1000	uniqrow	2249947	2328678	2268026
ngono	upgma-attotree	11	1000	unitig	5549245	6564030	5599854
ngono	upgma-attotree	13	1000	kmer	19783769	22316573	19969208
ngono	upgma-attotree	13	1000	uniqrow	3122948	3218746	3145954
ngono	upgma-attotree	13	1000	unitig	9052438	10268221	9133832
ngono	upgma-attotree	15	1000	kmer	26037465	29106162	26282330
ngono	upgma-attotree	15	1000	uniqrow	2904141	2987011	2924150
ngono	upgma-attotree	15	1000	unitig	4883148	5318844	4921288
ngono	upgma-attotree	17	1000	kmer	28806518	32063516	29077244
ngono	upgma-attotree	17	1000	uniqrow	2950923	3033497	2970878
ngono	upgma-attotree	17	1000	unitig	3719132	3939151	3744904
ngono	upgma-attotree	19	1000	kmer	31002000	34394493	31292968
ngono	upgma-attotree	19	1000	uniqrow	3044221	3129101	3064746
ngono	upgma-attotree	19	1000	unitig	3638546	3827649	3663036
ngono	upgma-attotree	21	1000	kmer	33079598	36597015	33389630
ngono	upgma-attotree	21	1000	uniqrow	3114274	3201159	3135248
ngono	upgma-attotree	21	1000	unitig	3670672	3851968	3695234
ngono	upgma-attotree	23	1000	kmer	35079519	38717655	35407828
ngono	upgma-attotree	23	1000	uniqrow	3208582	3298101	3230232
ngono	upgma-attotree	23	1000	unitig	3750354	3929554	3775422
ngono	upgma-attotree	25	1000	kmer	37036754	40794505	37382916
ngono	upgma-attotree	25	1000	uniqrow	3299617	3391536	3321806
ngono	upgma-attotree	25	1000	unitig	3837051	4015669	3862584
ngono	upgma-attotree	27	1000	kmer	38960751	42838045	39324556
ngono	upgma-attotree	27	1000	uniqrow	3369190	3463063	3391778
ngono	upgma-attotree	27	1000	unitig	3905443	4084174	3931352
ngono	upgma-attotree	29	1000	kmer	40855548	44852455	41236648
ngono	upgma-attotree	29	1000	uniqrow	3451067	3547367	3474204
ngono	upgma-attotree	29	1000	unitig	3987316	4166962	4013728
ngono	upgma-attotree	31	1000	kmer	42730845	46847908	43129072
ngono	upgma-attotree	31	1000	uniqrow	3539586	3638375	3563276
ngono	upgma-attotree	31	1000	unitig	4071830	4252372	4098778
ngono	upgma-hamming	11	1000	kmer	6002082	7103498	6069072
ngono	upgma-hamming	11	1000	uniqrow	2229001	2307732	2247710
ngono	upgma-hamming	11	1000	unitig	5301233	6316018	5359576
ngono	upgma-hamming	13	1000	kmer	19360093	21892897	19545532
ngono	upgma-hamming	13	1000	uniqrow	3062616	3158414	3085622
ngono	upgma-hamming	13	1000	unitig	8949790	10165573	9031184
ngono	upgma-hamming	15	1000	kmer	25594181	28662878	25839046
ngono	upgma-hamming	15	1000	uniqrow	2832131	2915001	2852140
ngono	upgma-hamming	15	1000	unitig	4848800	5284496	4886940
ngono	upgma-hamming	17	1000	kmer	28457572	31714570	28728298
ngono	upgma-hamming	17	1000	uniqrow	2867665	2950239	2887620
ngono	upgma-hamming	17	1000	unitig	3659891	3879910	3686694
ngono	upgma-hamming	19	1000	kmer	30830412	34222905	31121380
ngono	upgma-hamming	19	1000	uniqrow	2958775	3043655	2979300
ngono	upgma-hamming	19	1000	unitig	3570166	3759269	3594382
ngono	upgma-hamming	21	1000	kmer	32917050	36434467	33227082
ngono	upgma-hamming	21	1000	uniqrow	3026676	3113561	3047650
ngono	upgma-hamming	21	1000	unitig	3596046	3777342	3620608
ngono	upgma-hamming	23	1000	kmer	34897278	38535414	35231452
ngono	upgma-hamming	23	1000	uniqrow	3121732	3211251	3143382
ngono	upgma-hamming	23	1000	unitig	3682104	3861304	3707172
ngono	upgma-hamming	25	1000	kmer	36989756	40747507	37344128
ngono	upgma-hamming	25	1000	uniqrow	3206929	3298848	3229658
ngono	upgma-hamming	25	1000	unitig	3754009	3932627	3779542
ngono	upgma-hamming	27	1000	kmer	39158345	43035639	39532568
ngono	upgma-hamming	27	1000	uniqrow	3276883	3370756	3300034
ngono	upgma-hamming	27	1000	unitig	3828531	4007262	3855748
ngono	upgma-hamming	29	1000	kmer	40786136	44783043	41153942
ngono	upgma-hamming	29	1000	uniqrow	3363881	3460181	3387656
ngono	upgma-hamming	29	1000	unitig	3898683	4078329	3926550
ngono	upgma-hamming	31	1000	kmer	42556889	46673952	42969818
ngono	upgma-hamming	31	1000	uniqrow	3440149	3538938	3464478
ngono	upgma-hamming	31	1000	unitig	3979920	4160462	4008346
ngono	worst	11	1000	kmer	55497240	56598656	55498236
ngono	worst	11	1000	uniqrow	16693224	16771955	16694142
ngono	worst	11	1000	unitig	48058058	49072843	48058956
ngono	worst	13	1000	kmer	167477354	170010158	167483508
ngono	worst	13	1000	uniqrow	20567970	20663768	20569380
ngono	worst	13	1000	unitig	71437304	72653087	71437850
ngono	worst	15	1000	kmer	217449216	220517913	217457408
ngono	worst	15	1000	uniqrow	17865293	17948163	17866706
ngono	worst	15	1000	unitig	33433181	33868877	33435112
ngono	worst	17	1000	kmer	239011736	242268734	239020746
ngono	worst	17	1000	uniqrow	17883771	17966345	17885226
ngono	worst	17	1000	unitig	23201852	23421871	23203566
ngono	worst	19	1000	kmer	255926777	259319270	255936452
ngono	worst	19	1000	uniqrow	18377245	18462125	18378758
ngono	worst	19	1000	unitig	22172196	22361299	22173948
ngono	worst	21	1000	kmer	271892361	275409778	271902688
ngono	worst	21	1000	uniqrow	18787258	18874143	18789550
ngono	worst	21	1000	unitig	22241084	22422380	22242866
ngono	worst	23	1000	kmer	287203886	290842022	287214840
ngono	worst	23	1000	uniqrow	19371720	19461239	19374840
ngono	worst	23	1000	unitig	22667747	22846947	22671280
ngono	worst	25	1000	kmer	302144699	305902450	302156276
ngono	worst	25	1000	uniqrow	19889239	19981158	19892488
ngono	worst	25	1000	unitig	23100819	23279437	23104470
ngono	worst	27	1000	kmer	316816516	320693810	316828718
ngono	worst	27	1000	uniqrow	20291610	20385483	20294932
ngono	worst	27	1000	unitig	23442304	23621035	23446044
ngono	worst	29	1000	kmer	331196681	335193588	331209500
ngono	worst	29	1000	uniqrow	20760850	20857150	20764278
ngono	worst	29	1000	unitig	23881148	24060794	23885010
ngono	worst	31	1000	kmer	345395322	349512385	345408752
ngono	worst	31	1000	uniqrow	21259710	21358499	21263246
ngono	worst	31	1000	unitig	24326418	24506960	24330394
